,camp_A,camp_B
territory_division,52.94117647058824,47.05882352941176
constitutional_framework,58.82352941176471,41.17647058823529
arms_control,75.0,25.0
refugee_return,86.66666666666667,13.333333333333334
elections_governance,68.75,31.25
intl_oversight,86.66666666666667,13.333333333333334
